{"cameraMode":{"drawMode":0,"name":"Shaded","section":"Shading Mode"},"sceneLighting":false,"audioPlay":false,"sceneViewState":{"m_AlwaysRefresh":false,"showFog":true,"showSkybox":false,"showFlares":true,"showImageEffects":true,"showParticleSystems":true,"showVisualEffectGraphs":true,"m_FxEnabled":true},"in2DMode":false,"pivot":{"x":0.028722837567329408,"y":-0.00009196996688842773,"z":0.02571384608745575},"rotation":{"x":-0.0011311810230836273,"y":0.9800888299942017,"z":-0.1984795182943344,"w":-0.0055857328698039059},"size":0.5496137142181397,"orthographic":false}