{"cameraMode":{"drawMode":0,"name":"Shaded","section":"Shading Mode"},"sceneLighting":false,"audioPlay":false,"sceneViewState":{"m_AlwaysRefresh":false,"showFog":true,"showSkybox":false,"showFlares":true,"showImageEffects":true,"showParticleSystems":true,"showVisualEffectGraphs":true,"m_FxEnabled":true},"in2DMode":false,"pivot":{"x":-0.0004653334617614746,"y":0.4827296733856201,"z":0.00047022104263305664},"rotation":{"x":-0.0011311810230836273,"y":0.9800888299942017,"z":-0.1984795182943344,"w":-0.0055857328698039059},"size":0.8853740096092224,"orthographic":false}