{"cameraMode":{"drawMode":0,"name":"Shaded","section":"Shading Mode"},"sceneLighting":false,"audioPlay":false,"sceneViewState":{"m_AlwaysRefresh":false,"showFog":true,"showSkybox":false,"showFlares":true,"showImageEffects":true,"showParticleSystems":true,"showVisualEffectGraphs":true,"m_FxEnabled":true},"in2DMode":false,"pivot":{"x":0.009854763746261597,"y":0.1602880358695984,"z":-0.0006857737898826599},"rotation":{"x":-0.0011311810230836273,"y":0.9800888299942017,"z":-0.1984795182943344,"w":-0.0055857328698039059},"size":0.3191430866718292,"orthographic":false}