{"cameraMode":{"drawMode":0,"name":"Shaded","section":"Shading Mode"},"sceneLighting":false,"audioPlay":false,"sceneViewState":{"m_AlwaysRefresh":false,"showFog":true,"showSkybox":false,"showFlares":true,"showImageEffects":true,"showParticleSystems":true,"showVisualEffectGraphs":true,"m_FxEnabled":true},"in2DMode":false,"pivot":{"x":-7.139999866485596,"y":7.989999771118164,"z":0.7216079235076904},"rotation":{"x":0.006316309329122305,"y":-0.9653909802436829,"z":0.023472556844353677,"w":0.25970202684402468},"size":0.8660253882408142,"orthographic":false}