{"cameraMode":{"drawMode":0,"name":"Shaded","section":"Shading Mode"},"sceneLighting":false,"audioPlay":false,"sceneViewState":{"m_AlwaysRefresh":false,"showFog":true,"showSkybox":false,"showFlares":true,"showImageEffects":true,"showParticleSystems":true,"showVisualEffectGraphs":true,"m_FxEnabled":true},"in2DMode":false,"pivot":{"x":0.5228509902954102,"y":7.989999771118164,"z":-5.420000076293945},"rotation":{"x":0.062292564660310748,"y":-0.2733990550041199,"z":0.01773791015148163,"w":0.9597887396812439},"size":0.7542941570281982,"orthographic":false}